Label (Grouping),YEAR,        Less than 9th grade,"        9th to 12th grade, no diploma",        High school graduate (includes equivalency),"        Some college, no degree",        Associate's degree,        Bachelor's degree,        Graduate or professional degree
Alabama!!Estimate,2010," 195,566 "," 369,310 "," 988,205 "," 690,363 "," 225,382 "," 439,863 "," 252,832 "
Alabama!!Estimate,2010," 195,566 "," 369,310 "," 988,205 "," 690,363 "," 225,382 "," 439,863 "," 252,832 "
Alaska!!Estimate,2010," 12,708 "," 27,668 "," 114,055 "," 133,217 "," 37,106 "," 83,346 "," 42,477 "
Alaska!!Estimate,2010," 12,708 "," 27,668 "," 114,055 "," 133,217 "," 37,106 "," 83,346 "," 42,477 "
Arizona!!Estimate,2010," 261,461 "," 333,890 "," 1,040,197 "," 1,100,225 "," 336,950 "," 691,889 "," 382,146 "
Arizona!!Estimate,2010," 261,461 "," 333,890 "," 1,040,197 "," 1,100,225 "," 336,950 "," 691,889 "," 382,146 "
Arkansas!!Estimate,2010," 121,504 "," 205,920 "," 664,076 "," 432,193 "," 121,711 "," 252,888 "," 121,130 "
Arkansas!!Estimate,2010," 121,504 "," 205,920 "," 664,076 "," 432,193 "," 121,711 "," 252,888 "," 121,130 "
California!!Estimate,2010," 2,534,951 "," 2,115,091 "," 5,012,413 "," 5,351,807 "," 1,831,667 "," 4,610,875 "," 2,640,396 "
California!!Estimate,2010," 2,534,951 "," 2,115,091 "," 5,012,413 "," 5,351,807 "," 1,831,667 "," 4,610,875 "," 2,640,396 "
Colorado!!Estimate,2010," 141,906 "," 201,526 "," 759,326 "," 753,324 "," 260,733 "," 779,055 "," 432,175 "
Colorado!!Estimate,2010," 141,906 "," 201,526 "," 759,326 "," 753,324 "," 260,733 "," 779,055 "," 432,175 "
Connecticut!!Estimate,2010," 111,914 "," 165,094 "," 687,618 "," 431,411 "," 173,047 "," 491,990 "," 373,309 "
Connecticut!!Estimate,2010," 111,914 "," 165,094 "," 687,618 "," 431,411 "," 173,047 "," 491,990 "," 373,309 "
Delaware!!Estimate,2010," 23,093 "," 51,028 "," 196,159 "," 120,045 "," 43,386 "," 99,400 "," 67,668 "
Delaware!!Estimate,2010," 23,093 "," 51,028 "," 196,159 "," 120,045 "," 43,386 "," 99,400 "," 67,668 "
Florida!!Estimate,2010," 751,011 "," 1,148,040 "," 3,916,584 "," 2,768,793 "," 1,121,500 "," 2,171,876 "," 1,199,375 "
Florida!!Estimate,2010," 751,011 "," 1,148,040 "," 3,916,584 "," 2,768,793 "," 1,121,500 "," 2,171,876 "," 1,199,375 "
Georgia!!Estimate,2010," 362,962 "," 616,597 "," 1,824,976 "," 1,306,500 "," 422,830 "," 1,093,642 "," 608,116 "
Georgia!!Estimate,2010," 362,962 "," 616,597 "," 1,824,976 "," 1,306,500 "," 422,830 "," 1,093,642 "," 608,116 "
Hawaii!!Estimate,2010," 44,550 "," 49,049 "," 265,263 "," 208,837 "," 85,655 "," 184,364 "," 89,210 "
Hawaii!!Estimate,2010," 44,550 "," 49,049 "," 265,263 "," 208,837 "," 85,655 "," 184,364 "," 89,210 "
Idaho!!Estimate,2010," 41,572 "," 73,894 "," 282,678 "," 267,054 "," 81,703 "," 165,218 "," 75,710 "
Idaho!!Estimate,2010," 41,572 "," 73,894 "," 282,678 "," 267,054 "," 81,703 "," 165,218 "," 75,710 "
Illinois!!Estimate,2010," 472,627 "," 637,864 "," 2,336,176 "," 1,805,974 "," 609,204 "," 1,629,625 "," 974,292 "
Illinois!!Estimate,2010," 472,627 "," 637,864 "," 2,336,176 "," 1,805,974 "," 609,204 "," 1,629,625 "," 974,292 "
Indiana!!Estimate,2010," 176,191 "," 372,087 "," 1,521,860 "," 884,620 "," 315,927 "," 617,193 "," 341,920 "
Indiana!!Estimate,2010," 176,191 "," 372,087 "," 1,521,860 "," 884,620 "," 315,927 "," 617,193 "," 341,920 "
Iowa!!Estimate,2010," 79,022 "," 111,622 "," 681,148 "," 440,865 "," 202,577 "," 344,952 "," 158,599 "
Iowa!!Estimate,2010," 79,022 "," 111,622 "," 681,148 "," 440,865 "," 202,577 "," 344,952 "," 158,599 "
Kansas!!Estimate,2010," 81,840 "," 117,769 "," 511,343 "," 445,999 "," 135,842 "," 354,379 "," 193,509 "
Kansas!!Estimate,2010," 81,840 "," 117,769 "," 511,343 "," 445,999 "," 135,842 "," 354,379 "," 193,509 "
Kentucky!!Estimate,2010," 222,671 "," 302,020 "," 996,825 "," 587,180 "," 198,229 "," 359,930 "," 236,453 "
Kentucky!!Estimate,2010," 222,671 "," 302,020 "," 996,825 "," 587,180 "," 198,229 "," 359,930 "," 236,453 "
Louisiana!!Estimate,2010," 190,254 "," 341,622 "," 1,012,345 "," 619,617 "," 151,174 "," 424,074 "," 206,821 "
Louisiana!!Estimate,2010," 190,254 "," 341,622 "," 1,012,345 "," 619,617 "," 151,174 "," 424,074 "," 206,821 "
Maine!!Estimate,2010," 33,514 "," 57,273 "," 322,397 "," 188,163 "," 84,698 "," 162,350 "," 88,619 "
Maine!!Estimate,2010," 33,514 "," 57,273 "," 322,397 "," 188,163 "," 84,698 "," 162,350 "," 88,619 "
Maryland!!Estimate,2010," 181,928 "," 280,699 "," 1,004,589 "," 764,665 "," 244,750 "," 762,917 "," 633,926 "
Maryland!!Estimate,2010," 181,928 "," 280,699 "," 1,004,589 "," 764,665 "," 244,750 "," 762,917 "," 633,926 "
Massachusetts!!Estimate,2010," 220,010 "," 265,391 "," 1,168,464 "," 728,540 "," 337,594 "," 992,307 "," 746,592 "
Massachusetts!!Estimate,2010," 220,010 "," 265,391 "," 1,168,464 "," 728,540 "," 337,594 "," 992,307 "," 746,592 "
Michigan!!Estimate,2010," 228,553 "," 512,569 "," 2,032,219 "," 1,592,131 "," 549,148 "," 1,023,760 "," 631,421 "
Michigan!!Estimate,2010," 228,553 "," 512,569 "," 2,032,219 "," 1,592,131 "," 549,148 "," 1,023,760 "," 631,421 "
Minnesota!!Estimate,2010," 115,853 "," 173,052 "," 963,579 "," 799,477 "," 353,299 "," 760,013 "," 362,823 "
Minnesota!!Estimate,2010," 115,853 "," 173,052 "," 963,579 "," 799,477 "," 353,299 "," 760,013 "," 362,823 "
Mississippi!!Estimate,2010," 125,258 "," 236,533 "," 583,436 "," 427,958 "," 159,702 "," 236,965 "," 134,554 "
Mississippi!!Estimate,2010," 125,258 "," 236,533 "," 583,436 "," 427,958 "," 159,702 "," 236,965 "," 134,554 "
Missouri!!Estimate,2010," 174,979 "," 348,656 "," 1,269,737 "," 899,999 "," 271,659 "," 639,352 "," 380,467 "
Missouri!!Estimate,2010," 174,979 "," 348,656 "," 1,269,737 "," 899,999 "," 271,659 "," 639,352 "," 380,467 "
Montana!!Estimate,2010," 16,844 "," 38,789 "," 201,082 "," 168,913 "," 53,464 "," 133,356 "," 60,504 "
Montana!!Estimate,2010," 16,844 "," 38,789 "," 201,082 "," 168,913 "," 53,464 "," 133,356 "," 60,504 "
Nebraska!!Estimate,2010," 48,030 "," 66,182 "," 335,752 "," 288,668 "," 106,676 "," 232,326 "," 106,745 "
Nebraska!!Estimate,2010," 48,030 "," 66,182 "," 335,752 "," 288,668 "," 106,676 "," 232,326 "," 106,745 "
Nevada!!Estimate,2010," 112,064 "," 162,597 "," 531,333 "," 469,209 "," 126,202 "," 256,589 "," 131,536 "
Nevada!!Estimate,2010," 112,064 "," 162,597 "," 531,333 "," 469,209 "," 126,202 "," 256,589 "," 131,536 "
New Hampshire!!Estimate,2010," 25,011 "," 52,525 "," 270,680 "," 171,327 "," 90,731 "," 185,129 "," 112,352 "
New Hampshire!!Estimate,2010," 25,011 "," 52,525 "," 270,680 "," 171,327 "," 90,731 "," 185,129 "," 112,352 "
New Jersey!!Estimate,2010," 322,882 "," 390,852 "," 1,761,246 "," 1,014,776 "," 367,832 "," 1,321,937 "," 791,379 "
New Jersey!!Estimate,2010," 322,882 "," 390,852 "," 1,761,246 "," 1,014,776 "," 367,832 "," 1,321,937 "," 791,379 "
New Mexico!!Estimate,2010," 101,671 "," 121,746 "," 354,726 "," 333,617 "," 94,493 "," 189,989 "," 145,087 "
New Mexico!!Estimate,2010," 101,671 "," 121,746 "," 354,726 "," 333,617 "," 94,493 "," 189,989 "," 145,087 "
New York!!Estimate,2010," 921,410 "," 1,060,697 "," 3,627,235 "," 2,148,659 "," 1,072,055 "," 2,433,331 "," 1,826,461 "
New York!!Estimate,2010," 921,410 "," 1,060,697 "," 3,627,235 "," 2,148,659 "," 1,072,055 "," 2,433,331 "," 1,826,461 "
North Carolina!!Estimate,2010," 354,732 "," 610,095 "," 1,749,642 "," 1,392,117 "," 545,716 "," 1,123,118 "," 550,201 "
North Carolina!!Estimate,2010," 354,732 "," 610,095 "," 1,749,642 "," 1,392,117 "," 545,716 "," 1,123,118 "," 550,201 "
North Dakota!!Estimate,2010," 21,774 "," 20,989 "," 119,871 "," 106,156 "," 51,857 "," 87,414 "," 34,885 "
North Dakota!!Estimate,2010," 21,774 "," 20,989 "," 119,871 "," 106,156 "," 51,857 "," 87,414 "," 34,885 "
Ohio!!Estimate,2010," 254,513 "," 660,580 "," 2,718,983 "," 1,583,538 "," 602,445 "," 1,210,527 "," 690,263 "
Ohio!!Estimate,2010," 254,513 "," 660,580 "," 2,718,983 "," 1,583,538 "," 602,445 "," 1,210,527 "," 690,263 "
Oklahoma!!Estimate,2010," 111,530 "," 225,692 "," 784,855 "," 599,946 "," 166,649 "," 376,600 "," 183,941 "
Oklahoma!!Estimate,2010," 111,530 "," 225,692 "," 784,855 "," 599,946 "," 166,649 "," 376,600 "," 183,941 "
Oregon!!Estimate,2010," 107,150 "," 186,987 "," 653,316 "," 711,777 "," 203,853 "," 478,133 "," 273,670 "
Oregon!!Estimate,2010," 107,150 "," 186,987 "," 653,316 "," 711,777 "," 203,853 "," 478,133 "," 273,670 "
Pennsylvania!!Estimate,2010," 324,917 "," 675,770 "," 3,246,315 "," 1,426,340 "," 638,002 "," 1,445,223 "," 898,262 "
Pennsylvania!!Estimate,2010," 324,917 "," 675,770 "," 3,246,315 "," 1,426,340 "," 638,002 "," 1,445,223 "," 898,262 "
Rhode Island!!Estimate,2010," 52,076 "," 65,053 "," 192,992 "," 132,513 "," 52,759 "," 128,188 "," 86,398 "
Rhode Island!!Estimate,2010," 52,076 "," 65,053 "," 192,992 "," 132,513 "," 52,759 "," 128,188 "," 86,398 "
South Carolina!!Estimate,2010," 168,065 "," 321,816 "," 937,777 "," 632,791 "," 259,417 "," 484,341 "," 270,150 "
South Carolina!!Estimate,2010," 168,065 "," 321,816 "," 937,777 "," 632,791 "," 259,417 "," 484,341 "," 270,150 "
South Dakota!!Estimate,2010," 24,758 "," 30,457 "," 168,427 "," 115,589 "," 53,362 "," 98,760 "," 41,026 "
South Dakota!!Estimate,2010," 24,758 "," 30,457 "," 168,427 "," 115,589 "," 53,362 "," 98,760 "," 41,026 "
Tennessee!!Estimate,2010," 264,801 "," 429,041 "," 1,422,131 "," 882,947 "," 263,107 "," 621,127 "," 359,237 "
Tennessee!!Estimate,2010," 264,801 "," 429,041 "," 1,422,131 "," 882,947 "," 263,107 "," 621,127 "," 359,237 "
Texas!!Estimate,2010," 1,533,921 "," 1,514,400 "," 4,033,241 "," 3,598,229 "," 1,000,561 "," 2,733,721 "," 1,358,049 "
Texas!!Estimate,2010," 1,533,921 "," 1,514,400 "," 4,033,241 "," 3,598,229 "," 1,000,561 "," 2,733,721 "," 1,358,049 "
Utah!!Estimate,2010," 48,943 "," 100,093 "," 387,683 "," 439,793 "," 143,171 "," 315,627 "," 149,514 "
Utah!!Estimate,2010," 48,943 "," 100,093 "," 387,683 "," 439,793 "," 143,171 "," 315,627 "," 149,514 "
Vermont!!Estimate,2010," 13,129 "," 25,627 "," 135,729 "," 75,936 "," 35,790 "," 87,638 "," 57,193 "
Vermont!!Estimate,2010," 13,129 "," 25,627 "," 135,729 "," 75,936 "," 35,790 "," 87,638 "," 57,193 "
Virginia!!Estimate,2010," 293,672 "," 428,004 "," 1,363,946 "," 1,078,426 "," 361,635 "," 1,075,786 "," 759,832 "
Virginia!!Estimate,2010," 293,672 "," 428,004 "," 1,363,946 "," 1,078,426 "," 361,635 "," 1,075,786 "," 759,832 "
Washington!!Estimate,2010," 185,927 "," 273,365 "," 1,072,578 "," 1,149,227 "," 425,322 "," 897,884 "," 501,354 "
Washington!!Estimate,2010," 185,927 "," 273,365 "," 1,072,578 "," 1,149,227 "," 425,322 "," 897,884 "," 501,354 "
West Virginia!!Estimate,2010," 78,648 "," 138,573 "," 538,546 "," 237,089 "," 75,046 "," 140,850 "," 85,995 "
West Virginia!!Estimate,2010," 78,648 "," 138,573 "," 538,546 "," 237,089 "," 75,046 "," 140,850 "," 85,995 "
Wisconsin!!Estimate,2010," 131,242 "," 244,183 "," 1,265,296 "," 803,727 "," 354,494 "," 659,852 "," 341,501 "
Wisconsin!!Estimate,2010," 131,242 "," 244,183 "," 1,265,296 "," 803,727 "," 354,494 "," 659,852 "," 341,501 "
Wyoming!!Estimate,2010," 9,676 "," 18,962 "," 111,983 "," 101,199 "," 39,657 "," 58,232 "," 31,242 "
Wyoming!!Estimate,2010," 9,676 "," 18,962 "," 111,983 "," 101,199 "," 39,657 "," 58,232 "," 31,242 "
Alabama!!Estimate,2011," 177,922 "," 373,824 "," 985,450 "," 709,188 "," 236,162 "," 443,488 "," 267,044 "
Alaska!!Estimate,2011," 13,994 "," 23,627 "," 128,373 "," 136,407 "," 34,000 "," 77,153 "," 43,308 "
Arizona!!Estimate,2011," 261,654 "," 340,443 "," 1,036,587 "," 1,105,144 "," 348,197 "," 719,546 "," 399,652 "
Arkansas!!Estimate,2011," 121,108 "," 194,433 "," 693,216 "," 426,776 "," 113,074 "," 254,903 "," 139,917 "
California!!Estimate,2011," 2,511,634 "," 2,110,457 "," 5,150,994 "," 5,392,030 "," 1,872,437 "," 4,697,422 "," 2,708,898 "
Colorado!!Estimate,2011," 135,447 "," 195,838 "," 757,700 "," 773,805 "," 281,428 "," 789,859 "," 453,233 "
Connecticut!!Estimate,2011," 108,358 "," 158,336 "," 676,513 "," 438,018 "," 179,119 "," 500,103 "," 383,956 "
Delaware!!Estimate,2011," 28,532 "," 50,984 "," 192,931 "," 119,828 "," 42,602 "," 104,599 "," 71,644 "
Florida!!Estimate,2011," 749,262 "," 1,118,540 "," 4,033,074 "," 2,761,492 "," 1,175,984 "," 2,190,780 "," 1,238,449 "
Georgia!!Estimate,2011," 368,948 "," 620,384 "," 1,849,141 "," 1,311,569 "," 419,954 "," 1,119,648 "," 619,317 "
Hawaii!!Estimate,2011," 41,062 "," 47,326 "," 267,463 "," 216,187 "," 94,200 "," 180,231 "," 93,043 "
Idaho!!Estimate,2011," 45,008 "," 68,691 "," 275,033 "," 268,684 "," 88,949 "," 174,646 "," 77,449 "
Illinois!!Estimate,2011," 480,820 "," 610,761 "," 2,351,322 "," 1,811,978 "," 622,949 "," 1,645,334 "," 998,530 "
Indiana!!Estimate,2011," 177,743 "," 364,064 "," 1,509,773 "," 889,853 "," 334,810 "," 628,173 "," 351,043 "
Iowa!!Estimate,2011," 75,177 "," 114,912 "," 670,103 "," 432,011 "," 211,899 "," 358,051 "," 165,048 "
Kansas!!Estimate,2011," 76,472 "," 108,250 "," 516,483 "," 455,731 "," 137,051 "," 365,541 "," 192,566 "
Kentucky!!Estimate,2011," 203,871 "," 291,143 "," 996,929 "," 610,797 "," 203,585 "," 359,975 "," 256,050 "
Louisiana!!Estimate,2011," 181,476 "," 339,225 "," 1,024,825 "," 643,911 "," 155,360 "," 415,415 "," 212,525 "
Maine!!Estimate,2011," 32,045 "," 53,521 "," 314,456 "," 191,100 "," 83,864 "," 168,605 "," 98,946 "
Maryland!!Estimate,2011," 167,418 "," 268,473 "," 1,010,843 "," 778,659 "," 245,892 "," 800,177 "," 644,195 "
Massachusetts!!Estimate,2011," 222,929 "," 262,443 "," 1,165,691 "," 738,697 "," 349,778 "," 1,004,133 "," 758,377 "
Michigan!!Estimate,2011," 228,828 "," 509,168 "," 2,028,204 "," 1,577,887 "," 555,968 "," 1,037,602 "," 650,667 "
Minnesota!!Estimate,2011," 116,545 "," 167,364 "," 958,243 "," 797,766 "," 368,032 "," 777,339 "," 375,512 "
Mississippi!!Estimate,2011," 125,696 "," 235,234 "," 578,273 "," 434,694 "," 159,186 "," 240,726 "," 138,899 "
Missouri!!Estimate,2011," 157,386 "," 340,886 "," 1,260,623 "," 918,314 "," 286,363 "," 656,222 "," 388,760 "
Montana!!Estimate,2011," 13,638 "," 38,609 "," 206,699 "," 170,070 "," 56,859 "," 132,946 "," 57,972 "
Nebraska!!Estimate,2011," 46,699 "," 61,065 "," 347,223 "," 292,447 "," 114,551 "," 225,822 "," 108,305 "
Nevada!!Estimate,2011," 115,683 "," 174,436 "," 528,392 "," 455,886 "," 129,688 "," 269,461 "," 137,414 "
New Hampshire!!Estimate,2011," 26,031 "," 52,952 "," 267,726 "," 175,455 "," 86,730 "," 191,748 "," 113,565 "
New Jersey!!Estimate,2011," 334,272 "," 378,360 "," 1,767,217 "," 1,037,573 "," 368,288 "," 1,322,225 "," 796,678 "
New Mexico!!Estimate,2011," 98,343 "," 129,382 "," 359,628 "," 319,658 "," 101,180 "," 195,527 "," 150,468 "
New York!!Estimate,2011," 900,547 "," 1,073,719 "," 3,635,549 "," 2,150,291 "," 1,091,931 "," 2,467,536 "," 1,878,131 "
North Carolina!!Estimate,2011," 366,748 "," 609,890 "," 1,745,251 "," 1,396,249 "," 558,745 "," 1,136,478 "," 585,996 "
North Dakota!!Estimate,2011," 20,051 "," 21,538 "," 120,688 "," 109,215 "," 58,753 "," 86,615 "," 31,285 "
Ohio!!Estimate,2011," 257,573 "," 648,932 "," 2,695,735 "," 1,633,426 "," 602,825 "," 1,196,897 "," 713,848 "
Oklahoma!!Estimate,2011," 117,845 "," 220,261 "," 774,960 "," 595,284 "," 172,761 "," 396,219 "," 191,866 "
Oregon!!Estimate,2011," 109,780 "," 171,885 "," 662,549 "," 709,006 "," 215,713 "," 486,317 "," 289,504 "
Pennsylvania!!Estimate,2011," 317,207 "," 674,891 "," 3,270,338 "," 1,443,263 "," 658,863 "," 1,443,083 "," 906,590 "
Rhode Island!!Estimate,2011," 45,849 "," 62,562 "," 187,966 "," 134,592 "," 59,485 "," 134,049 "," 87,763 "
South Carolina!!Estimate,2011," 173,282 "," 319,721 "," 955,509 "," 647,172 "," 266,173 "," 486,569 "," 262,106 "
South Dakota!!Estimate,2011," 22,219 "," 28,408 "," 168,906 "," 124,081 "," 52,340 "," 97,956 "," 43,678 "
Tennessee!!Estimate,2011," 262,111 "," 414,411 "," 1,435,886 "," 908,721 "," 259,365 "," 655,551 "," 358,347 "
Texas!!Estimate,2011," 1,529,216 "," 1,513,011 "," 4,099,519 "," 3,632,685 "," 1,052,281 "," 2,847,501 "," 1,400,178 "
Utah!!Estimate,2011," 50,780 "," 104,484 "," 381,551 "," 444,920 "," 148,367 "," 322,983 "," 155,583 "
Vermont!!Estimate,2011," 11,981 "," 23,846 "," 131,219 "," 77,248 "," 36,468 "," 93,188 "," 60,702 "
Virginia!!Estimate,2011," 261,250 "," 397,638 "," 1,388,613 "," 1,087,264 "," 380,585 "," 1,111,225 "," 792,269 "
Washington!!Estimate,2011," 192,924 "," 258,880 "," 1,092,508 "," 1,132,829 "," 445,281 "," 925,095 "," 535,909 "
West Virginia!!Estimate,2011," 75,385 "," 128,987 "," 539,023 "," 229,070 "," 82,692 "," 150,916 "," 88,125 "
Wisconsin!!Estimate,2011," 130,016 "," 239,492 "," 1,266,895 "," 814,234 "," 366,423 "," 668,444 "," 345,869 "
Wyoming!!Estimate,2011," 6,925 "," 23,238 "," 115,521 "," 99,998 "," 37,078 "," 61,815 "," 31,033 "
Alabama!!Estimate,2012," 171,543 "," 342,914 "," 1,003,543 "," 705,932 "," 238,555 "," 472,037 "," 275,122 "
Alaska!!Estimate,2012," 13,726 "," 23,460 "," 130,277 "," 128,720 "," 38,287 "," 79,559 "," 50,565 "
Arizona!!Estimate,2012," 272,390 "," 339,100 "," 1,038,170 "," 1,099,699 "," 360,519 "," 735,758 "," 434,828 "
Arkansas!!Estimate,2012," 106,189 "," 191,063 "," 685,949 "," 438,140 "," 118,932 "," 269,141 "," 139,968 "
California!!Estimate,2012," 2,509,483 "," 2,077,250 "," 5,107,967 "," 5,465,458 "," 1,959,097 "," 4,865,203 "," 2,795,326 "
Colorado!!Estimate,2012," 137,310 "," 186,625 "," 752,200 "," 789,260 "," 288,253 "," 818,469 "," 472,537 "
Connecticut!!Estimate,2012," 102,145 "," 147,041 "," 682,207 "," 433,019 "," 182,429 "," 503,440 "," 407,697 "
Delaware!!Estimate,2012," 25,491 "," 45,810 "," 194,904 "," 125,387 "," 44,331 "," 111,921 "," 70,768 "
Florida!!Estimate,2012," 719,287 "," 1,102,171 "," 4,020,195 "," 2,802,225 "," 1,236,800 "," 2,329,936 "," 1,293,133 "
Georgia!!Estimate,2012," 357,352 "," 602,673 "," 1,810,866 "," 1,372,633 "," 453,039 "," 1,140,757 "," 666,518 "
Hawaii!!Estimate,2012," 40,992 "," 50,494 "," 269,304 "," 209,589 "," 95,686 "," 186,586 "," 99,630 "
Idaho!!Estimate,2012," 41,438 "," 61,919 "," 280,462 "," 279,779 "," 91,295 "," 175,020 "," 82,873 "
Illinois!!Estimate,2012," 480,331 "," 580,800 "," 2,313,202 "," 1,830,170 "," 647,039 "," 1,684,348 "," 1,023,005 "
Indiana!!Estimate,2012," 171,676 "," 360,842 "," 1,510,802 "," 885,910 "," 347,606 "," 643,210 "," 358,899 "
Iowa!!Estimate,2012," 65,821 "," 105,517 "," 657,642 "," 445,212 "," 226,481 "," 368,331 "," 167,989 "
Kansas!!Estimate,2012," 68,618 "," 113,581 "," 509,404 "," 455,513 "," 149,866 "," 362,899 "," 203,343 "
Kentucky!!Estimate,2012," 204,630 "," 272,175 "," 1,000,756 "," 607,063 "," 211,692 "," 378,979 "," 260,166 "
Louisiana!!Estimate,2012," 181,297 "," 329,393 "," 1,029,965 "," 645,819 "," 160,063 "," 433,223 "," 226,845 "
Maine!!Estimate,2012," 28,019 "," 51,709 "," 329,267 "," 187,561 "," 85,732 "," 171,449 "," 93,280 "
Maryland!!Estimate,2012," 173,128 "," 260,705 "," 1,035,053 "," 784,550 "," 251,712 "," 795,930 "," 671,057 "
Massachusetts!!Estimate,2012," 212,754 "," 258,570 "," 1,181,922 "," 766,037 "," 347,381 "," 1,011,713 "," 778,232 "
Michigan!!Estimate,2012," 213,460 "," 502,098 "," 2,024,195 "," 1,581,947 "," 575,915 "," 1,062,110 "," 661,293 "
Minnesota!!Estimate,2012," 111,223 "," 158,947 "," 952,141 "," 801,498 "," 381,595 "," 807,626 "," 387,714 "
Mississippi!!Estimate,2012," 109,492 "," 228,873 "," 584,142 "," 434,276 "," 160,169 "," 249,319 "," 145,697 "
Missouri!!Estimate,2012," 156,760 "," 327,644 "," 1,272,777 "," 916,120 "," 287,670 "," 670,388 "," 392,282 "
Montana!!Estimate,2012," 14,076 "," 35,391 "," 204,215 "," 173,569 "," 57,590 "," 138,862 "," 63,067 "
Nebraska!!Estimate,2012," 48,584 "," 66,039 "," 334,350 "," 290,554 "," 117,719 "," 233,054 "," 116,608 "
Nevada!!Estimate,2012," 110,279 "," 167,923 "," 529,535 "," 483,074 "," 138,034 "," 272,846 "," 138,951 "
New Hampshire!!Estimate,2012," 21,678 "," 53,619 "," 270,690 "," 168,980 "," 87,025 "," 201,804 "," 116,087 "
New Jersey!!Estimate,2012," 321,489 "," 388,262 "," 1,737,574 "," 1,037,013 "," 372,831 "," 1,359,609 "," 832,574 "
New Mexico!!Estimate,2012," 93,381 "," 118,407 "," 360,327 "," 320,975 "," 111,952 "," 202,552 "," 152,736 "
New York!!Estimate,2012," 887,313 "," 1,067,406 "," 3,579,976 "," 2,202,708 "," 1,128,596 "," 2,531,374 "," 1,912,388 "
North Carolina!!Estimate,2012," 374,003 "," 588,448 "," 1,760,704 "," 1,428,821 "," 562,049 "," 1,170,056 "," 605,802 "
North Dakota!!Estimate,2012," 18,150 "," 19,815 "," 128,310 "," 107,531 "," 56,223 "," 89,629 "," 38,246 "
Ohio!!Estimate,2012," 240,542 "," 630,709 "," 2,687,397 "," 1,624,773 "," 625,983 "," 1,240,747 "," 720,565 "
Oklahoma!!Estimate,2012," 113,362 "," 218,198 "," 786,275 "," 597,927 "," 180,387 "," 393,930 "," 197,377 "
Oregon!!Estimate,2012," 98,481 "," 172,131 "," 670,179 "," 712,454 "," 219,073 "," 497,130 "," 302,324 "
Pennsylvania!!Estimate,2012," 315,187 "," 654,162 "," 3,220,877 "," 1,441,806 "," 688,751 "," 1,484,305 "," 951,229 "
Rhode Island!!Estimate,2012," 45,697 "," 53,072 "," 198,539 "," 128,592 "," 62,628 "," 132,903 "," 90,840 "
South Carolina!!Estimate,2012," 163,648 "," 313,643 "," 937,798 "," 664,104 "," 281,401 "," 504,036 "," 286,986 "
South Dakota!!Estimate,2012," 23,143 "," 28,373 "," 178,006 "," 117,848 "," 53,971 "," 98,719 "," 44,232 "
Tennessee!!Estimate,2012," 249,189 "," 395,031 "," 1,433,642 "," 921,906 "," 283,901 "," 680,286 "," 372,518 "
Texas!!Estimate,2012," 1,509,777 "," 1,532,519 "," 4,124,497 "," 3,759,687 "," 1,079,819 "," 2,903,294 "," 1,480,786 "
Utah!!Estimate,2012," 49,663 "," 97,848 "," 378,463 "," 451,482 "," 159,358 "," 333,947 "," 170,574 "
Vermont!!Estimate,2012," 12,619 "," 23,650 "," 132,522 "," 71,373 "," 39,279 "," 95,120 "," 60,385 "
Virginia!!Estimate,2012," 272,809 "," 393,399 "," 1,392,291 "," 1,099,243 "," 395,520 "," 1,132,326 "," 819,178 "
Washington!!Estimate,2012," 185,719 "," 260,375 "," 1,101,227 "," 1,178,815 "," 448,208 "," 944,631 "," 526,884 "
West Virginia!!Estimate,2012," 72,746 "," 128,060 "," 526,232 "," 245,733 "," 81,746 "," 147,257 "," 94,427 "
Wisconsin!!Estimate,2012," 128,292 "," 228,239 "," 1,248,011 "," 816,691 "," 386,784 "," 688,002 "," 358,151 "
Wyoming!!Estimate,2012," 8,713 "," 22,941 "," 115,631 "," 101,324 "," 38,055 "," 64,409 "," 29,869 "
Alabama!!Estimate,2013," 158,191 "," 340,457 "," 1,001,134 "," 710,602 "," 258,110 "," 476,016 "," 280,937 "
Alaska!!Estimate,2013," 14,292 "," 24,385 "," 129,029 "," 127,054 "," 38,486 "," 84,038 "," 45,375 "
Arizona!!Estimate,2013," 276,191 "," 336,013 "," 1,079,149 "," 1,090,066 "," 374,877 "," 741,982 "," 446,459 "
Arkansas!!Estimate,2013," 108,906 "," 196,532 "," 691,814 "," 439,502 "," 119,812 "," 262,755 "," 141,182 "
California!!Estimate,2013," 2,537,411 "," 2,070,596 "," 5,228,893 "," 5,524,197 "," 1,980,401 "," 4,905,468 "," 2,900,266 "
Colorado!!Estimate,2013," 130,184 "," 202,200 "," 761,103 "," 801,294 "," 291,173 "," 837,913 "," 490,368 "
Connecticut!!Estimate,2013," 110,636 "," 144,354 "," 673,455 "," 435,307 "," 184,109 "," 508,487 "," 408,967 "
Delaware!!Estimate,2013," 24,762 "," 48,785 "," 196,726 "," 123,795 "," 48,277 "," 108,075 "," 79,310 "
Florida!!Estimate,2013," 727,313 "," 1,079,856 "," 4,042,708 "," 2,842,328 "," 1,300,616 "," 2,409,162 "," 1,325,013 "
Georgia!!Estimate,2013," 360,044 "," 579,775 "," 1,850,063 "," 1,372,039 "," 477,132 "," 1,149,847 "," 683,272 "
Hawaii!!Estimate,2013," 37,445 "," 48,920 "," 263,311 "," 210,920 "," 100,056 "," 199,229 "," 100,022 "
Idaho!!Estimate,2013," 44,147 "," 64,799 "," 281,769 "," 273,724 "," 93,044 "," 185,216 "," 84,190 "
Illinois!!Estimate,2013," 473,719 "," 571,283 "," 2,321,273 "," 1,812,345 "," 654,943 "," 1,698,605 "," 1,061,497 "
Indiana!!Estimate,2013," 176,925 "," 359,121 "," 1,478,163 "," 918,557 "," 352,907 "," 655,276 "," 371,943 "
Iowa!!Estimate,2013," 64,445 "," 107,868 "," 670,345 "," 437,630 "," 226,473 "," 370,188 "," 171,321 "
Kansas!!Estimate,2013," 75,099 "," 111,152 "," 498,426 "," 460,264 "," 146,088 "," 374,418 "," 206,998 "
Kentucky!!Estimate,2013," 194,327 "," 275,420 "," 979,031 "," 613,570 "," 224,279 "," 392,610 "," 274,416 "
Louisiana!!Estimate,2013," 177,123 "," 336,513 "," 1,019,022 "," 653,162 "," 164,926 "," 453,347 "," 230,880 "
Maine!!Estimate,2013," 28,083 "," 49,678 "," 322,855 "," 192,438 "," 91,720 "," 172,498 "," 96,690 "
Maryland!!Estimate,2013," 165,397 "," 270,675 "," 1,030,851 "," 795,361 "," 252,612 "," 814,992 "," 688,813 "
Massachusetts!!Estimate,2013," 225,989 "," 239,096 "," 1,190,870 "," 738,371 "," 355,093 "," 1,037,415 "," 817,961 "
Michigan!!Estimate,2013," 219,352 "," 483,287 "," 1,971,925 "," 1,589,120 "," 594,224 "," 1,089,029 "," 698,358 "
Minnesota!!Estimate,2013," 112,595 "," 162,110 "," 955,079 "," 796,489 "," 386,177 "," 813,237 "," 403,646 "
Mississippi!!Estimate,2013," 121,974 "," 218,520 "," 591,240 "," 443,330 "," 162,584 "," 248,488 "," 144,918 "
Missouri!!Estimate,2013," 148,190 "," 309,497 "," 1,276,285 "," 916,378 "," 305,928 "," 685,991 "," 405,014 "
Montana!!Estimate,2013," 15,112 "," 35,369 "," 200,303 "," 180,310 "," 58,287 "," 135,518 "," 64,270 "
Nebraska!!Estimate,2013," 52,968 "," 65,545 "," 329,595 "," 290,983 "," 119,325 "," 238,160 "," 118,632 "
Nevada!!Estimate,2013," 112,938 "," 165,020 "," 532,452 "," 487,858 "," 152,516 "," 282,283 "," 139,817 "
New Hampshire!!Estimate,2013," 26,481 "," 40,407 "," 270,826 "," 179,643 "," 87,766 "," 202,495 "," 116,950 "
New Jersey!!Estimate,2013," 332,020 "," 367,045 "," 1,751,336 "," 1,019,529 "," 390,906 "," 1,374,616 "," 851,253 "
New Mexico!!Estimate,2013," 100,692 "," 113,754 "," 361,553 "," 320,668 "," 105,811 "," 204,226 "," 155,142 "
New York!!Estimate,2013," 907,812 "," 1,025,819 "," 3,594,712 "," 2,159,804 "," 1,157,285 "," 2,589,891 "," 1,983,987 "
North Carolina!!Estimate,2013," 357,638 "," 580,965 "," 1,743,595 "," 1,446,198 "," 574,725 "," 1,211,484 "," 653,505 "
North Dakota!!Estimate,2013," 19,005 "," 20,778 "," 128,539 "," 108,110 "," 64,445 "," 93,470 "," 33,468 "
Ohio!!Estimate,2013," 248,098 "," 608,491 "," 2,668,826 "," 1,599,640 "," 639,633 "," 1,279,678 "," 760,888 "
Oklahoma!!Estimate,2013," 109,610 "," 223,025 "," 809,792 "," 587,829 "," 179,720 "," 402,956 "," 193,505 "
Oregon!!Estimate,2013," 111,549 "," 165,757 "," 655,870 "," 711,540 "," 228,207 "," 521,031 "," 310,089 "
Pennsylvania!!Estimate,2013," 313,556 "," 638,172 "," 3,209,801 "," 1,428,581 "," 692,226 "," 1,540,228 "," 986,946 "
Rhode Island!!Estimate,2013," 44,100 "," 57,643 "," 191,854 "," 133,377 "," 59,867 "," 142,598 "," 90,517 "
South Carolina!!Estimate,2013," 161,339 "," 298,753 "," 939,047 "," 680,531 "," 284,604 "," 529,944 "," 304,598 "
South Dakota!!Estimate,2013," 19,302 "," 27,093 "," 172,701 "," 122,701 "," 62,856 "," 104,240 "," 42,066 "
Tennessee!!Estimate,2013," 245,616 "," 384,935 "," 1,437,758 "," 928,049 "," 291,304 "," 681,475 "," 400,898 "
Texas!!Estimate,2013," 1,520,001 "," 1,497,796 "," 4,207,669 "," 3,765,377 "," 1,090,662 "," 3,044,921 "," 1,547,230 "
Utah!!Estimate,2013," 48,917 "," 92,365 "," 382,199 "," 464,153 "," 159,320 "," 348,502 "," 174,993 "
Vermont!!Estimate,2013," 14,046 "," 23,225 "," 133,439 "," 73,769 "," 35,878 "," 93,427 "," 62,390 "
Virginia!!Estimate,2013," 261,041 "," 385,383 "," 1,380,486 "," 1,118,219 "," 405,760 "," 1,172,309 "," 838,026 "
Washington!!Estimate,2013," 187,704 "," 275,893 "," 1,095,589 "," 1,157,020 "," 449,430 "," 984,473 "," 555,995 "
West Virginia!!Estimate,2013," 69,868 "," 129,702 "," 520,535 "," 241,268 "," 87,697 "," 146,732 "," 98,223 "
Wisconsin!!Estimate,2013," 119,315 "," 233,248 "," 1,243,158 "," 819,923 "," 389,016 "," 711,851 "," 362,780 "
Wyoming!!Estimate,2013," 5,641 "," 19,196 "," 109,099 "," 106,714 "," 41,261 "," 68,225 "," 33,778 "
Alabama!!Estimate,2014," 164,748 "," 333,011 "," 1,028,665 "," 709,158 "," 256,777 "," 478,058 "," 286,349 "
Alaska!!Estimate,2014," 12,625 "," 20,628 "," 131,987 "," 131,559 "," 38,086 "," 85,634 "," 44,630 "
Arizona!!Estimate,2014," 286,007 "," 332,779 "," 1,079,812 "," 1,138,687 "," 376,649 "," 765,784 "," 456,508 "
Arkansas!!Estimate,2014," 110,814 "," 177,923 "," 686,786 "," 448,062 "," 123,871 "," 272,411 "," 148,547 "
California!!Estimate,2014," 2,555,427 "," 2,038,098 "," 5,360,853 "," 5,560,560 "," 2,002,684 "," 5,120,162 "," 3,016,508 "
Colorado!!Estimate,2014," 148,162 "," 190,720 "," 783,816 "," 792,924 "," 294,629 "," 862,158 "," 512,054 "
Connecticut!!Estimate,2014," 102,610 "," 142,557 "," 680,274 "," 421,674 "," 184,589 "," 527,472 "," 412,642 "
Delaware!!Estimate,2014," 21,628 "," 49,039 "," 199,747 "," 123,261 "," 50,787 "," 116,931 "," 78,950 "
Florida!!Estimate,2014," 735,213 "," 1,060,480 "," 4,151,300 "," 2,905,454 "," 1,358,245 "," 2,448,663 "," 1,381,841 "
Georgia!!Estimate,2014," 352,984 "," 590,904 "," 1,869,967 "," 1,389,410 "," 462,543 "," 1,199,733 "," 710,867 "
Hawaii!!Estimate,2014," 39,436 "," 41,453 "," 277,667 "," 211,542 "," 102,149 "," 200,315 "," 102,024 "
Idaho!!Estimate,2014," 40,558 "," 62,620 "," 294,862 "," 288,457 "," 97,174 "," 175,108 "," 86,414 "
Illinois!!Estimate,2014," 451,301 "," 570,565 "," 2,305,681 "," 1,807,750 "," 670,372 "," 1,737,022 "," 1,096,385 "
Indiana!!Estimate,2014," 167,710 "," 333,960 "," 1,488,013 "," 914,635 "," 367,996 "," 682,893 "," 387,709 "
Iowa!!Estimate,2014," 63,410 "," 98,980 "," 654,890 "," 441,122 "," 233,906 "," 383,943 "," 186,483 "
Kansas!!Estimate,2014," 73,593 "," 109,291 "," 498,750 "," 453,519 "," 153,284 "," 381,292 "," 211,792 "
Kentucky!!Estimate,2014," 195,578 "," 265,461 "," 1,003,583 "," 614,385 "," 228,473 "," 386,963 "," 272,738 "
Louisiana!!Estimate,2014," 174,289 "," 328,214 "," 1,033,528 "," 657,995 "," 165,066 "," 463,860 "," 237,736 "
Maine!!Estimate,2014," 29,663 "," 49,751 "," 310,287 "," 194,499 "," 93,426 "," 185,890 "," 95,891 "
Maryland!!Estimate,2014," 167,204 "," 255,410 "," 1,043,926 "," 776,715 "," 265,874 "," 841,315 "," 712,369 "
Massachusetts!!Estimate,2014," 230,539 "," 249,308 "," 1,161,032 "," 730,927 "," 365,816 "," 1,077,993 "," 838,736 "
Michigan!!Estimate,2014," 214,925 "," 462,665 "," 1,980,847 "," 1,576,003 "," 618,746 "," 1,105,362 "," 721,977 "
Minnesota!!Estimate,2014," 108,766 "," 163,742 "," 943,377 "," 793,963 "," 404,201 "," 834,094 "," 424,440 "
Mississippi!!Estimate,2014," 113,955 "," 222,019 "," 585,936 "," 450,012 "," 167,835 "," 254,250 "," 156,703 "
Missouri!!Estimate,2014," 145,466 "," 308,360 "," 1,279,755 "," 918,431 "," 304,044 "," 696,669 "," 424,042 "
Montana!!Estimate,2014," 15,058 "," 36,344 "," 213,165 "," 170,233 "," 57,211 "," 135,401 "," 68,438 "
Nebraska!!Estimate,2014," 53,249 "," 65,912 "," 333,560 "," 283,393 "," 126,818 "," 247,729 "," 114,040 "
Nevada!!Estimate,2014," 117,579 "," 167,990 "," 540,814 "," 494,809 "," 154,943 "," 291,473 "," 151,990 "
New Hampshire!!Estimate,2014," 23,781 "," 49,222 "," 265,993 "," 174,993 "," 91,285 "," 201,723 "," 124,307 "
New Jersey!!Estimate,2014," 316,827 "," 353,099 "," 1,729,723 "," 1,045,432 "," 391,582 "," 1,415,973 "," 875,295 "
New Mexico!!Estimate,2014," 90,947 "," 126,165 "," 362,284 "," 321,721 "," 109,771 "," 206,947 "," 155,987 "
New York!!Estimate,2014," 902,591 "," 1,027,984 "," 3,599,907 "," 2,177,721 "," 1,163,427 "," 2,651,150 "," 2,016,832 "
North Carolina!!Estimate,2014," 335,030 "," 567,696 "," 1,772,285 "," 1,459,970 "," 614,392 "," 1,239,857 "," 672,707 "
North Dakota!!Estimate,2014," 15,778 "," 21,488 "," 133,393 "," 112,400 "," 64,475 "," 94,873 "," 36,443 "
Ohio!!Estimate,2014," 232,917 "," 603,114 "," 2,666,563 "," 1,603,451 "," 659,197 "," 1,301,747 "," 790,471 "
Oklahoma!!Estimate,2014," 106,853 "," 215,077 "," 801,435 "," 609,238 "," 185,914 "," 405,799 "," 205,569 "
Oregon!!Estimate,2014," 115,126 "," 168,320 "," 666,778 "," 718,634 "," 231,853 "," 528,064 "," 318,182 "
Pennsylvania!!Estimate,2014," 308,874 "," 626,094 "," 3,220,327 "," 1,434,926 "," 700,919 "," 1,554,120 "," 1,013,605 "
Rhode Island!!Estimate,2014," 41,609 "," 61,636 "," 208,366 "," 133,665 "," 59,701 "," 131,408 "," 89,486 "
South Carolina!!Estimate,2014," 148,284 "," 303,682 "," 989,223 "," 674,243 "," 288,524 "," 543,917 "," 313,056 "
South Dakota!!Estimate,2014," 18,921 "," 27,453 "," 170,122 "," 121,974 "," 62,802 "," 111,108 "," 43,108 "
Tennessee!!Estimate,2014," 239,689 "," 389,302 "," 1,473,547 "," 908,129 "," 296,099 "," 717,801 "," 400,506 "
Texas!!Estimate,2014," 1,542,434 "," 1,503,261 "," 4,298,854 "," 3,847,197 "," 1,147,113 "," 3,104,847 "," 1,644,182 "
Utah!!Estimate,2014," 50,703 "," 95,821 "," 391,862 "," 467,335 "," 168,810 "," 353,832 "," 176,371 "
Vermont!!Estimate,2014," 12,156 "," 22,891 "," 134,352 "," 81,955 "," 34,024 "," 91,472 "," 61,429 "
Virginia!!Estimate,2014," 268,592 "," 376,397 "," 1,382,376 "," 1,120,719 "," 408,872 "," 1,173,872 "," 892,467 "
Washington!!Estimate,2014," 193,566 "," 264,995 "," 1,090,724 "," 1,170,624 "," 479,799 "," 1,005,685 "," 579,091 "
West Virginia!!Estimate,2014," 64,223 "," 127,823 "," 532,918 "," 238,727 "," 84,402 "," 152,434 "," 95,823 "
Wisconsin!!Estimate,2014," 115,028 "," 221,608 "," 1,244,668 "," 805,935 "," 402,829 "," 736,544 "," 371,550 "
Wyoming!!Estimate,2014," 8,369 "," 20,473 "," 106,759 "," 108,417 "," 41,611 "," 69,557 "," 33,776 "
Alabama!!Estimate,2015," 158,830 "," 338,052 "," 1,018,063 "," 707,979 "," 266,452 "," 504,626 "," 288,250 "
Alaska!!Estimate,2015," 12,121 "," 22,495 "," 128,052 "," 129,326 "," 38,113 "," 87,869 "," 51,547 "
Arizona!!Estimate,2015," 271,316 "," 359,657 "," 1,110,871 "," 1,155,555 "," 382,106 "," 788,933 "," 468,516 "
Arkansas!!Estimate,2015," 105,945 "," 184,126 "," 678,452 "," 450,886 "," 135,029 "," 278,975 "," 154,406 "
California!!Estimate,2015," 2,582,757 "," 2,060,753 "," 5,430,081 "," 5,603,279 "," 1,992,703 "," 5,285,754 "," 3,129,936 "
Colorado!!Estimate,2015," 135,573 "," 188,280 "," 796,984 "," 809,037 "," 301,203 "," 909,032 "," 531,744 "
Connecticut!!Estimate,2015," 104,772 "," 137,496 "," 678,916 "," 417,520 "," 187,970 "," 535,933 "," 412,111 "
Delaware!!Estimate,2015," 24,692 "," 47,663 "," 194,810 "," 130,986 "," 52,556 "," 117,581 "," 84,348 "
Florida!!Estimate,2015," 750,053 "," 1,031,199 "," 4,201,879 "," 2,935,247 "," 1,383,565 "," 2,620,339 "," 1,471,999 "
Georgia!!Estimate,2015," 332,116 "," 593,620 "," 1,879,302 "," 1,382,608 "," 496,008 "," 1,244,449 "," 755,664 "
Hawaii!!Estimate,2015," 39,945 "," 50,050 "," 267,568 "," 213,206 "," 105,951 "," 205,033 "," 104,161 "
Idaho!!Estimate,2015," 39,730 "," 66,804 "," 292,667 "," 287,585 "," 102,284 "," 189,566 "," 87,346 "
Illinois!!Estimate,2015," 456,567 "," 535,035 "," 2,314,192 "," 1,804,602 "," 698,002 "," 1,757,697 "," 1,095,843 "
Indiana!!Estimate,2015," 164,941 "," 349,195 "," 1,496,775 "," 900,400 "," 364,142 "," 697,223 "," 390,897 "
Iowa!!Estimate,2015," 66,506 "," 105,159 "," 664,912 "," 444,608 "," 236,728 "," 377,035 "," 179,556 "
Kansas!!Estimate,2015," 71,948 "," 111,806 "," 501,278 "," 446,076 "," 158,308 "," 384,495 "," 214,568 "
Kentucky!!Estimate,2015," 183,951 "," 260,013 "," 1,002,541 "," 611,050 "," 235,061 "," 406,865 "," 289,309 "
Louisiana!!Estimate,2015," 159,933 "," 316,837 "," 1,056,533 "," 654,211 "," 189,683 "," 470,739 "," 247,319 "
Maine!!Estimate,2015," 27,176 "," 52,423 "," 314,332 "," 184,421 "," 93,335 "," 187,513 "," 102,040 "
Maryland!!Estimate,2015," 173,874 "," 251,792 "," 1,029,325 "," 789,382 "," 266,499 "," 866,352 "," 725,262 "
Massachusetts!!Estimate,2015," 213,496 "," 245,853 "," 1,184,423 "," 748,705 "," 362,478 "," 1,086,715 "," 864,974 "
Michigan!!Estimate,2015," 201,139 "," 461,761 "," 1,979,472 "," 1,593,413 "," 622,089 "," 1,145,546 "," 724,927 "
Minnesota!!Estimate,2015," 112,193 "," 155,113 "," 941,170 "," 794,499 "," 413,953 "," 847,584 "," 436,423 "
Mississippi!!Estimate,2015," 112,812 "," 209,997 "," 605,790 "," 438,004 "," 179,135 "," 253,036 "," 153,563 "
Missouri!!Estimate,2015," 145,571 "," 308,053 "," 1,269,953 "," 915,960 "," 316,815 "," 706,922 "," 433,938 "
Montana!!Estimate,2015," 14,391 "," 31,182 "," 222,399 "," 161,387 "," 60,796 "," 144,135 "," 72,039 "
Nebraska!!Estimate,2015," 47,858 "," 62,768 "," 331,868 "," 292,746 "," 125,055 "," 244,556 "," 127,732 "
Nevada!!Estimate,2015," 125,701 "," 157,660 "," 549,151 "," 512,364 "," 159,610 "," 304,948 "," 158,733 "
New Hampshire!!Estimate,2015," 18,249 "," 46,392 "," 267,078 "," 179,983 "," 91,199 "," 205,513 "," 128,800 "
New Jersey!!Estimate,2015," 319,454 "," 355,305 "," 1,757,377 "," 1,024,098 "," 392,077 "," 1,437,307 "," 880,766 "
New Mexico!!Estimate,2015," 92,820 "," 118,788 "," 369,807 "," 325,356 "," 106,315 "," 198,116 "," 166,346 "
New York!!Estimate,2015," 903,295 "," 1,012,572 "," 3,615,023 "," 2,177,053 "," 1,155,067 "," 2,727,078 "," 2,051,385 "
North Carolina!!Estimate,2015," 340,573 "," 568,846 "," 1,785,510 "," 1,452,845 "," 623,813 "," 1,277,412 "," 713,645 "
North Dakota!!Estimate,2015," 18,142 "," 18,826 "," 135,670 "," 111,721 "," 64,255 "," 105,625 "," 37,778 "
Ohio!!Estimate,2015," 233,766 "," 579,508 "," 2,664,823 "," 1,623,927 "," 679,330 "," 1,329,009 "," 786,107 "
Oklahoma!!Estimate,2015," 108,956 "," 215,702 "," 808,375 "," 606,070 "," 188,756 "," 421,765 "," 208,239 "
Oregon!!Estimate,2015," 103,304 "," 176,281 "," 654,930 "," 722,848 "," 245,431 "," 566,244 "," 335,423 "
Pennsylvania!!Estimate,2015," 297,088 "," 620,062 "," 3,174,802 "," 1,423,274 "," 739,478 "," 1,611,499 "," 1,029,524 "
Rhode Island!!Estimate,2015," 40,319 "," 49,725 "," 204,295 "," 134,773 "," 62,153 "," 141,131 "," 97,687 "
South Carolina!!Estimate,2015," 147,012 "," 306,843 "," 977,099 "," 685,917 "," 312,720 "," 575,843 "," 314,398 "
South Dakota!!Estimate,2015," 19,422 "," 30,620 "," 175,958 "," 119,929 "," 62,294 "," 110,562 "," 44,323 "
Tennessee!!Estimate,2015," 237,285 "," 386,520 "," 1,482,137 "," 915,965 "," 300,500 "," 719,980 "," 431,100 "
Texas!!Estimate,2015," 1,559,568 "," 1,511,574 "," 4,425,654 "," 3,816,471 "," 1,204,220 "," 3,266,266 "," 1,689,108 "
Utah!!Estimate,2015," 49,949 "," 97,817 "," 421,822 "," 458,040 "," 159,609 "," 368,302 "," 186,410 "
Vermont!!Estimate,2015," 12,303 "," 24,166 "," 127,127 "," 75,070 "," 37,916 "," 97,824 "," 64,248 "
Virginia!!Estimate,2015," 256,445 "," 373,316 "," 1,399,157 "," 1,127,401 "," 426,955 "," 1,209,217 "," 892,827 "
Washington!!Estimate,2015," 191,853 "," 256,378 "," 1,127,649 "," 1,171,141 "," 471,400 "," 1,059,707 "," 611,186 "
West Virginia!!Estimate,2015," 58,050 "," 124,065 "," 529,290 "," 244,509 "," 90,019 "," 152,256 "," 102,158 "
Wisconsin!!Estimate,2015," 116,279 "," 219,265 "," 1,223,628 "," 835,967 "," 411,400 "," 742,544 "," 369,914 "
Wyoming!!Estimate,2015," 7,773 "," 22,652 "," 111,830 "," 102,246 "," 42,212 "," 67,108 "," 34,926 "
Alabama!!Estimate,2016," 157,797 "," 333,897 "," 1,011,236 "," 711,231 "," 271,030 "," 506,680 "," 308,842 "
Alaska!!Estimate,2016," 10,392 "," 22,585 "," 133,928 "," 129,650 "," 40,819 "," 90,861 "," 50,716 "
Arizona!!Estimate,2016," 265,215 "," 349,224 "," 1,105,497 "," 1,179,736 "," 390,843 "," 835,779 "," 500,115 "
Arkansas!!Estimate,2016," 100,157 "," 179,465 "," 681,969 "," 449,709 "," 133,315 "," 282,608 "," 163,225 "
California!!Estimate,2016," 2,556,147 "," 2,062,516 "," 5,390,935 "," 5,602,398 "," 2,031,775 "," 5,426,164 "," 3,234,306 "
Colorado!!Estimate,2016," 128,209 "," 192,377 "," 822,144 "," 787,366 "," 322,529 "," 934,273 "," 558,608 "
Connecticut!!Estimate,2016," 100,513 "," 133,422 "," 678,776 "," 415,150 "," 186,288 "," 541,369 "," 412,219 "
Delaware!!Estimate,2016," 22,347 "," 48,247 "," 212,474 "," 122,182 "," 52,228 "," 121,717 "," 83,352 "
Florida!!Estimate,2016," 762,762 "," 1,092,451 "," 4,249,733 "," 2,961,148 "," 1,429,121 "," 2,675,907 "," 1,532,549 "
Georgia!!Estimate,2016," 334,607 "," 588,019 "," 1,884,080 "," 1,394,205 "," 518,208 "," 1,270,275 "," 796,001 "
Hawaii!!Estimate,2016," 36,083 "," 43,580 "," 277,743 "," 212,677 "," 104,261 "," 211,850 "," 104,743 "
Idaho!!Estimate,2016," 34,434 "," 69,695 "," 302,866 "," 275,485 "," 104,375 "," 203,363 "," 97,047 "
Illinois!!Estimate,2016," 429,910 "," 536,517 "," 2,250,392 "," 1,823,126 "," 682,989 "," 1,813,840 "," 1,128,445 "
Indiana!!Estimate,2016," 164,742 "," 346,757 "," 1,481,882 "," 900,213 "," 374,136 "," 716,293 "," 408,553 "
Iowa!!Estimate,2016," 66,242 "," 105,856 "," 649,532 "," 438,173 "," 234,055 "," 398,242 "," 194,920 "
Kansas!!Estimate,2016," 68,491 "," 110,352 "," 496,294 "," 438,343 "," 157,030 "," 390,861 "," 230,565 "
Kentucky!!Estimate,2016," 170,725 "," 257,735 "," 968,299 "," 640,040 "," 256,369 "," 419,081 "," 283,260 "
Louisiana!!Estimate,2016," 160,929 "," 325,509 "," 1,059,273 "," 654,115 "," 187,288 "," 473,299 "," 254,607 "
Maine!!Estimate,2016," 25,640 "," 48,498 "," 318,369 "," 187,940 "," 94,984 "," 181,434 "," 109,704 "
Maryland!!Estimate,2016," 166,606 "," 240,623 "," 1,046,470 "," 779,195 "," 268,485 "," 860,491 "," 760,638 "
Massachusetts!!Estimate,2016," 212,315 "," 240,370 "," 1,156,496 "," 734,632 "," 363,356 "," 1,124,295 "," 896,051 "
Michigan!!Estimate,2016," 203,405 "," 444,504 "," 1,978,343 "," 1,598,192 "," 626,128 "," 1,162,737 "," 747,093 "
Minnesota!!Estimate,2016," 111,658 "," 152,230 "," 937,937 "," 796,712 "," 429,762 "," 860,125 "," 436,859 "
Mississippi!!Estimate,2016," 94,724 "," 216,010 "," 603,335 "," 438,995 "," 177,695 "," 264,865 "," 161,398 "
Missouri!!Estimate,2016," 137,315 "," 292,624 "," 1,265,386 "," 927,795 "," 325,244 "," 729,511 "," 443,139 "
Montana!!Estimate,2016," 13,453 "," 37,785 "," 206,415 "," 168,223 "," 66,134 "," 148,944 "," 71,662 "
Nebraska!!Estimate,2016," 51,410 "," 61,935 "," 328,348 "," 281,360 "," 129,795 "," 261,931 "," 129,041 "
Nevada!!Estimate,2016," 122,892 "," 157,641 "," 585,057 "," 516,903 "," 156,342 "," 308,547 "," 163,228 "
New Hampshire!!Estimate,2016," 20,623 "," 47,275 "," 256,245 "," 179,277 "," 97,488 "," 213,461 "," 133,217 "
New Jersey!!Estimate,2016," 317,182 "," 343,494 "," 1,706,073 "," 1,024,289 "," 400,332 "," 1,460,518 "," 919,284 "
New Mexico!!Estimate,2016," 84,515 "," 118,426 "," 370,508 "," 323,025 "," 116,674 "," 215,691 "," 162,542 "
New York!!Estimate,2016," 865,976 "," 1,002,316 "," 3,574,814 "," 2,150,858 "," 1,191,816 "," 2,749,619 "," 2,118,193 "
North Carolina!!Estimate,2016," 319,570 "," 553,627 "," 1,775,886 "," 1,482,131 "," 654,866 "," 1,345,615 "," 745,490 "
North Dakota!!Estimate,2016," 13,827 "," 23,917 "," 134,178 "," 109,216 "," 67,554 "," 107,578 "," 38,745 "
Ohio!!Estimate,2016," 222,209 "," 568,107 "," 2,639,028 "," 1,630,529 "," 682,507 "," 1,362,205 "," 817,476 "
Oklahoma!!Estimate,2016," 103,252 "," 209,774 "," 802,529 "," 603,826 "," 203,590 "," 432,922 "," 215,743 "
Oregon!!Estimate,2016," 106,021 "," 171,461 "," 655,893 "," 745,532 "," 244,515 "," 572,508 "," 362,022 "
Pennsylvania!!Estimate,2016," 289,165 "," 591,181 "," 3,132,444 "," 1,431,231 "," 730,217 "," 1,676,971 "," 1,070,766 "
Rhode Island!!Estimate,2016," 38,405 "," 45,778 "," 204,045 "," 135,369 "," 60,183 "," 151,195 "," 99,070 "
South Carolina!!Estimate,2016," 148,917 "," 304,737 "," 981,669 "," 713,098 "," 317,549 "," 591,086 "," 331,420 "
South Dakota!!Estimate,2016," 18,275 "," 31,736 "," 163,910 "," 123,619 "," 65,093 "," 111,002 "," 52,259 "
Tennessee!!Estimate,2016," 216,289 "," 374,024 "," 1,465,937 "," 959,498 "," 328,595 "," 756,055 "," 426,800 "
Texas!!Estimate,2016," 1,529,632 "," 1,506,376 "," 4,474,711 "," 3,869,300 "," 1,259,574 "," 3,362,678 "," 1,773,009 "
Utah!!Estimate,2016," 51,995 "," 95,408 "," 404,605 "," 472,108 "," 178,193 "," 381,130 "," 199,805 "
Vermont!!Estimate,2016," 11,087 "," 23,483 "," 128,767 "," 75,872 "," 40,499 "," 92,871 "," 66,984 "
Virginia!!Estimate,2016," 247,576 "," 366,738 "," 1,372,836 "," 1,116,669 "," 438,669 "," 1,241,751 "," 936,934 "
Washington!!Estimate,2016," 192,181 "," 266,656 "," 1,111,786 "," 1,178,772 "," 491,450 "," 1,098,509 "," 657,201 "
West Virginia!!Estimate,2016," 57,435 "," 123,866 "," 512,228 "," 233,677 "," 95,794 "," 162,243 "," 106,514 "
Wisconsin!!Estimate,2016," 106,804 "," 210,940 "," 1,222,607 "," 812,391 "," 420,412 "," 758,503 "," 401,672 "
Wyoming!!Estimate,2016," 5,751 "," 20,940 "," 114,624 "," 97,961 "," 45,601 "," 67,845 "," 38,072 "
Alabama!!Estimate,2017," 137,386 "," 309,557 "," 1,029,982 "," 709,100 "," 278,878 "," 528,019 "," 316,685 "
Alaska!!Estimate,2017," 14,246 "," 25,790 "," 133,132 "," 126,985 "," 42,724 "," 86,444 "," 52,240 "
Arizona!!Estimate,2017," 254,700 "," 350,198 "," 1,136,493 "," 1,178,809 "," 408,070 "," 863,062 "," 520,030 "
Arkansas!!Estimate,2017," 92,735 "," 174,807 "," 683,285 "," 443,935 "," 143,522 "," 301,294 "," 168,820 "
California!!Estimate,2017," 2,459,993 "," 1,989,309 "," 5,541,182 "," 5,641,881 "," 2,070,661 "," 5,616,449 "," 3,359,798 "
Colorado!!Estimate,2017," 129,351 "," 190,285 "," 815,595 "," 798,831 "," 313,309 "," 994,894 "," 579,803 "
Connecticut!!Estimate,2017," 102,064 "," 137,225 "," 676,911 "," 411,854 "," 201,193 "," 533,791 "," 430,816 "
Delaware!!Estimate,2017," 23,460 "," 40,091 "," 218,309 "," 127,966 "," 51,777 "," 121,442 "," 90,641 "
Florida!!Estimate,2017," 710,891 "," 1,035,042 "," 4,330,040 "," 2,982,278 "," 1,507,434 "," 2,839,500 "," 1,614,992 "
Georgia!!Estimate,2017," 313,025 "," 580,411 "," 1,936,501 "," 1,394,047 "," 540,564 "," 1,311,611 "," 819,867 "
Hawaii!!Estimate,2017," 34,495 "," 42,636 "," 280,494 "," 204,452 "," 106,987 "," 216,993 "," 111,687 "
Idaho!!Estimate,2017," 36,681 "," 65,058 "," 313,029 "," 291,857 "," 107,505 "," 202,800 "," 94,858 "
Illinois!!Estimate,2017," 424,494 "," 525,386 "," 2,272,174 "," 1,794,526 "," 692,672 "," 1,829,903 "," 1,167,902 "
Indiana!!Estimate,2017," 161,138 "," 343,724 "," 1,450,767 "," 896,138 "," 394,092 "," 753,268 "," 436,190 "
Iowa!!Estimate,2017," 65,578 "," 100,027 "," 639,230 "," 440,516 "," 242,738 "," 406,630 "," 199,190 "
Kansas!!Estimate,2017," 66,505 "," 104,758 "," 490,769 "," 432,206 "," 167,548 "," 403,542 "," 239,200 "
Kentucky!!Estimate,2017," 164,235 "," 248,251 "," 997,060 "," 644,270 "," 241,585 "," 423,916 "," 299,636 "
Louisiana!!Estimate,2017," 152,771 "," 311,048 "," 1,061,526 "," 666,998 "," 185,409 "," 482,439 "," 260,086 "
Maine!!Estimate,2017," 25,574 "," 49,213 "," 300,716 "," 184,416 "," 100,214 "," 193,860 "," 117,747 "
Maryland!!Estimate,2017," 165,505 "," 254,504 "," 1,020,828 "," 788,808 "," 285,379 "," 889,090 "," 763,490 "
Massachusetts!!Estimate,2017," 207,140 "," 235,318 "," 1,163,526 "," 743,218 "," 360,700 "," 1,146,586 "," 932,085 "
Michigan!!Estimate,2017," 192,884 "," 427,082 "," 1,969,839 "," 1,594,025 "," 649,916 "," 1,201,375 "," 784,189 "
Minnesota!!Estimate,2017," 114,437 "," 147,197 "," 938,908 "," 788,988 "," 426,760 "," 888,880 "," 473,246 "
Mississippi!!Estimate,2017," 94,490 "," 211,478 "," 595,611 "," 431,185 "," 198,080 "," 265,220 "," 163,277 "
Missouri!!Estimate,2017," 129,072 "," 298,467 "," 1,277,505 "," 912,962 "," 326,430 "," 743,797 "," 462,042 "
Montana!!Estimate,2017," 16,155 "," 34,574 "," 203,141 "," 170,207 "," 65,772 "," 157,326 "," 76,491 "
Nebraska!!Estimate,2017," 48,755 "," 60,668 "," 331,081 "," 291,423 "," 128,547 "," 263,330 "," 135,450 "
Nevada!!Estimate,2017," 107,354 "," 165,663 "," 592,846 "," 518,529 "," 165,508 "," 340,110 "," 173,170 "
New Hampshire!!Estimate,2017," 18,164 "," 48,396 "," 268,564 "," 171,011 "," 97,978 "," 216,750 "," 137,142 "
New Jersey!!Estimate,2017," 298,109 "," 330,076 "," 1,696,858 "," 1,014,640 "," 418,148 "," 1,506,899 "," 969,808 "
New Mexico!!Estimate,2017," 80,805 "," 112,760 "," 370,599 "," 333,280 "," 117,531 "," 211,995 "," 164,505 "
New York!!Estimate,2017," 842,286 "," 1,012,659 "," 3,634,065 "," 2,133,828 "," 1,218,132 "," 2,794,920 "," 2,185,242 "
North Carolina!!Estimate,2017," 314,734 "," 539,055 "," 1,800,555 "," 1,487,938 "," 658,224 "," 1,406,739 "," 783,940 "
North Dakota!!Estimate,2017," 13,936 "," 21,087 "," 130,900 "," 111,306 "," 66,236 "," 108,045 "," 44,394 "
Ohio!!Estimate,2017," 218,232 "," 559,456 "," 2,661,209 "," 1,612,818 "," 698,820 "," 1,381,934 "," 849,416 "
Oklahoma!!Estimate,2017," 104,975 "," 204,039 "," 804,245 "," 603,902 "," 208,717 "," 437,243 "," 223,293 "
Oregon!!Estimate,2017," 102,453 "," 159,928 "," 673,810 "," 730,804 "," 255,783 "," 609,160 "," 369,257 "
Pennsylvania!!Estimate,2017," 283,386 "," 560,910 "," 3,134,497 "," 1,416,816 "," 747,997 "," 1,697,397 "," 1,119,839 "
Rhode Island!!Estimate,2017," 37,301 "," 48,991 "," 220,613 "," 124,664 "," 58,876 "," 149,699 "," 96,825 "
South Carolina!!Estimate,2017," 139,309 "," 295,539 "," 1,016,072 "," 698,438 "," 330,153 "," 607,024 "," 357,316 "
South Dakota!!Estimate,2017," 16,831 "," 30,795 "," 176,709 "," 126,282 "," 62,204 "," 109,803 "," 51,935 "
Tennessee!!Estimate,2017," 200,536 "," 359,348 "," 1,488,080 "," 953,734 "," 332,593 "," 790,840 "," 463,322 "
Texas!!Estimate,2017," 1,473,004 "," 1,496,019 "," 4,552,676 "," 3,932,201 "," 1,323,957 "," 3,510,311 "," 1,861,178 "
Utah!!Estimate,2017," 50,122 "," 93,413 "," 408,078 "," 469,981 "," 172,999 "," 416,804 "," 215,638 "
Vermont!!Estimate,2017," 9,646 "," 22,774 "," 127,426 "," 73,895 "," 37,360 "," 98,774 "," 69,392 "
Virginia!!Estimate,2017," 240,260 "," 353,117 "," 1,396,487 "," 1,095,931 "," 456,210 "," 1,270,190 "," 967,026 "
Washington!!Estimate,2017," 189,334 "," 254,629 "," 1,128,284 "," 1,203,615 "," 514,987 "," 1,130,392 "," 680,727 "
West Virginia!!Estimate,2017," 58,192 "," 107,069 "," 526,652 "," 238,487 "," 90,494 "," 156,378 "," 102,078 "
Wisconsin!!Estimate,2017," 101,506 "," 200,465 "," 1,214,914 "," 805,492 "," 433,324 "," 782,676 "," 419,854 "
Wyoming!!Estimate,2017," 7,704 "," 19,649 "," 114,739 "," 98,171 "," 40,340 "," 67,312 "," 39,785 "
Alabama!!Estimate,2018," 131,592 "," 316,587 "," 1,026,976 "," 721,987 "," 288,285 "," 536,086 "," 315,951 "
Alaska!!Estimate,2018," 12,023 "," 20,421 "," 137,293 "," 129,250 "," 39,938 "," 89,635 "," 56,793 "
Arizona!!Estimate,2018," 256,545 "," 349,389 "," 1,159,297 "," 1,208,158 "," 428,422 "," 898,032 "," 540,461 "
Arkansas!!Estimate,2018," 92,515 "," 166,471 "," 686,867 "," 450,668 "," 154,143 "," 296,422 "," 174,853 "
California!!Estimate,2018," 2,396,226 "," 1,958,791 "," 5,559,362 "," 5,589,646 "," 2,140,543 "," 5,704,852 "," 3,466,224 "
Colorado!!Estimate,2018," 127,663 "," 189,453 "," 812,615 "," 815,752 "," 329,255 "," 1,013,989 "," 611,560 "
Connecticut!!Estimate,2018," 97,719 "," 128,535 "," 669,967 "," 413,974 "," 195,971 "," 544,028 "," 443,202 "
Delaware!!Estimate,2018," 26,223 "," 42,858 "," 225,797 "," 120,182 "," 51,648 "," 124,178 "," 88,814 "
Florida!!Estimate,2018," 708,872 "," 1,052,860 "," 4,387,954 "," 3,015,699 "," 1,489,510 "," 2,920,459 "," 1,726,771 "
Georgia!!Estimate,2018," 308,720 "," 557,379 "," 1,942,122 "," 1,383,144 "," 562,774 "," 1,362,317 "," 861,716 "
Hawaii!!Estimate,2018," 38,532 "," 41,547 "," 266,728 "," 204,652 "," 110,557 "," 218,828 "," 114,745 "
Idaho!!Estimate,2018," 40,692 "," 63,176 "," 318,218 "," 292,076 "," 113,323 "," 213,462 "," 102,800 "
Illinois!!Estimate,2018," 403,880 "," 510,902 "," 2,269,285 "," 1,764,774 "," 704,851 "," 1,833,666 "," 1,219,018 "
Indiana!!Estimate,2018," 164,472 "," 327,362 "," 1,480,040 "," 887,129 "," 397,824 "," 771,811 "," 439,255 "
Iowa!!Estimate,2018," 64,952 "," 97,697 "," 649,269 "," 434,337 "," 247,997 "," 413,442 "," 197,098 "
Kansas!!Estimate,2018," 70,905 "," 101,128 "," 485,753 "," 436,532 "," 170,965 "," 402,368 "," 243,775 "
Kentucky!!Estimate,2018," 160,136 "," 240,928 "," 990,911 "," 631,690 "," 261,964 "," 442,090 "," 311,695 "
Louisiana!!Estimate,2018," 146,205 "," 296,354 "," 1,071,772 "," 649,675 "," 203,074 "," 496,634 "," 262,019 "
Maine!!Estimate,2018," 25,361 "," 43,100 "," 309,259 "," 200,338 "," 95,274 "," 197,489 "," 112,561 "
Maryland!!Estimate,2018," 155,580 "," 240,551 "," 1,009,495 "," 779,231 "," 281,787 "," 911,761 "," 788,934 "
Massachusetts!!Estimate,2018," 211,206 "," 235,098 "," 1,126,183 "," 741,544 "," 366,687 "," 1,178,868 "," 973,142 "
Michigan!!Estimate,2018," 189,891 "," 422,533 "," 1,972,855 "," 1,594,947 "," 657,727 "," 1,239,251 "," 792,642 "
Minnesota!!Estimate,2018," 101,742 "," 151,063 "," 921,287 "," 791,496 "," 445,513 "," 920,850 "," 477,278 "
Mississippi!!Estimate,2018," 100,599 "," 187,996 "," 589,363 "," 440,256 "," 200,375 "," 284,701 "," 173,993 "
Missouri!!Estimate,2018," 119,915 "," 278,462 "," 1,270,247 "," 937,269 "," 341,000 "," 754,906 "," 480,988 "
Montana!!Estimate,2018," 13,375 "," 31,704 "," 205,496 "," 180,384 "," 71,397 "," 152,448 "," 80,957 "
Nebraska!!Estimate,2018," 47,660 "," 60,686 "," 326,400 "," 283,318 "," 137,646 "," 269,675 "," 141,055 "
Nevada!!Estimate,2018," 110,045 "," 164,010 "," 581,662 "," 542,405 "," 176,618 "," 339,675 "," 182,159 "
New Hampshire!!Estimate,2018," 23,689 "," 42,821 "," 269,202 "," 178,227 "," 99,230 "," 217,282 "," 140,297 "
New Jersey!!Estimate,2018," 290,326 "," 317,170 "," 1,629,398 "," 1,018,104 "," 409,253 "," 1,535,321 "," 989,671 "
New Mexico!!Estimate,2018," 84,348 "," 122,340 "," 370,023 "," 334,577 "," 113,481 "," 221,735 "," 169,977 "
New York!!Estimate,2018," 827,890 "," 929,474 "," 3,546,789 "," 2,083,151 "," 1,193,573 "," 2,846,770 "," 2,244,696 "
North Carolina!!Estimate,2018," 305,097 "," 529,783 "," 1,802,360 "," 1,497,087 "," 701,016 "," 1,454,678 "," 812,123 "
North Dakota!!Estimate,2018," 16,988 "," 21,520 "," 129,495 "," 109,451 "," 74,715 "," 110,664 "," 37,946 "
Ohio!!Estimate,2018," 218,264 "," 528,136 "," 2,625,971 "," 1,638,319 "," 690,735 "," 1,431,014 "," 894,596 "
Oklahoma!!Estimate,2018," 98,813 "," 202,447 "," 816,934 "," 613,877 "," 207,381 "," 434,570 "," 233,591 "
Oregon!!Estimate,2018," 106,364 "," 173,561 "," 655,811 "," 744,593 "," 269,508 "," 621,190 "," 381,353 "
Pennsylvania!!Estimate,2018," 279,306 "," 532,792 "," 3,113,998 "," 1,432,404 "," 773,645 "," 1,723,226 "," 1,139,256 "
Rhode Island!!Estimate,2018," 34,642 "," 45,944 "," 210,606 "," 133,241 "," 61,601 "," 147,507 "," 107,154 "
South Carolina!!Estimate,2018," 125,417 "," 278,074 "," 1,043,630 "," 701,181 "," 354,718 "," 627,144 "," 362,191 "
South Dakota!!Estimate,2018," 16,315 "," 28,842 "," 180,511 "," 115,946 "," 70,838 "," 117,943 "," 52,455 "
Tennessee!!Estimate,2018," 206,601 "," 358,348 "," 1,477,132 "," 975,251 "," 348,066 "," 801,616 "," 473,809 "
Texas!!Estimate,2018," 1,478,739 "," 1,485,230 "," 4,627,856 "," 3,949,496 "," 1,334,999 "," 3,627,047 "," 1,973,730 "
Utah!!Estimate,2018," 47,361 "," 94,721 "," 423,407 "," 462,160 "," 191,808 "," 427,561 "," 224,884 "
Vermont!!Estimate,2018," 8,286 "," 20,617 "," 127,349 "," 78,850 "," 38,133 "," 103,068 "," 69,521 "
Virginia!!Estimate,2018," 229,799 "," 358,586 "," 1,398,061 "," 1,091,538 "," 453,566 "," 1,296,041 "," 994,416 "
Washington!!Estimate,2018," 179,951 "," 257,533 "," 1,133,822 "," 1,197,203 "," 533,450 "," 1,187,508 "," 725,596 "
West Virginia!!Estimate,2018," 50,504 "," 106,081 "," 508,339 "," 246,501 "," 96,253 "," 163,614 "," 109,489 "
Wisconsin!!Estimate,2018," 108,021 "," 207,198 "," 1,222,475 "," 817,650 "," 438,602 "," 775,533 "," 422,543 "
Wyoming!!Estimate,2018," 7,237 "," 19,072 "," 113,351 "," 103,804 "," 44,089 "," 66,449 "," 39,134 "
Alabama!!Estimate,2019," 130,320 "," 302,753 "," 1,039,241 "," 700,473 "," 301,914 "," 547,975 "," 337,382 "
Alaska!!Estimate,2019," 10,424 "," 20,666 "," 139,156 "," 124,261 "," 43,394 "," 89,583 "," 56,574 "
Arizona!!Estimate,2019," 252,459 "," 360,539 "," 1,170,685 "," 1,236,845 "," 431,854 "," 931,038 "," 561,120 "
Arkansas!!Estimate,2019," 94,376 "," 160,617 "," 710,306 "," 444,052 "," 151,738 "," 307,185 "," 168,182 "
California!!Estimate,2019," 2,346,235 "," 1,955,278 "," 5,546,711 "," 5,542,372 "," 2,118,792 "," 5,889,724 "," 3,538,760 "
Colorado!!Estimate,2019," 127,702 "," 174,518 "," 836,590 "," 805,570 "," 334,961 "," 1,057,825 "," 637,777 "
Connecticut!!Estimate,2019," 99,132 "," 132,707 "," 668,361 "," 410,972 "," 190,700 "," 549,166 "," 445,382 "
Delaware!!Estimate,2019," 23,925 "," 42,597 "," 207,642 "," 128,063 "," 56,885 "," 134,287 "," 93,912 "
Florida!!Estimate,2019," 712,764 "," 1,081,871 "," 4,396,122 "," 3,001,381 "," 1,538,727 "," 2,982,643 "," 1,770,994 "
Georgia!!Estimate,2019," 319,929 "," 536,096 "," 1,939,945 "," 1,414,554 "," 568,130 "," 1,410,395 "," 891,173 "
Hawaii!!Estimate,2019," 36,278 "," 39,700 "," 273,421 "," 205,964 "," 106,096 "," 219,979 "," 115,230 "
Idaho!!Estimate,2019," 34,969 "," 64,937 "," 305,274 "," 304,578 "," 124,584 "," 220,189 "," 116,466 "
Illinois!!Estimate,2019," 388,348 "," 494,289 "," 2,255,611 "," 1,737,416 "," 710,058 "," 1,886,240 "," 1,222,732 "
Indiana!!Estimate,2019," 162,057 "," 306,026 "," 1,526,825 "," 896,654 "," 397,627 "," 777,771 "," 435,055 "
Iowa!!Estimate,2019," 57,894 "," 98,587 "," 658,822 "," 433,870 "," 251,578 "," 420,199 "," 202,054 "
Kansas!!Estimate,2019," 63,799 "," 93,958 "," 504,035 "," 430,549 "," 173,251 "," 414,851 "," 237,638 "
Kentucky!!Estimate,2019," 154,759 "," 235,894 "," 1,012,643 "," 619,035 "," 260,188 "," 453,040 "," 312,883 "
Louisiana!!Estimate,2019," 138,644 "," 302,200 "," 1,066,026 "," 646,746 "," 202,310 "," 503,947 "," 280,328 "
Maine!!Estimate,2019," 20,783 "," 46,531 "," 311,108 "," 184,723 "," 99,008 "," 205,722 "," 123,277 "
Maryland!!Estimate,2019," 168,321 "," 233,831 "," 1,030,636 "," 753,547 "," 287,293 "," 911,781 "," 798,449 "
Massachusetts!!Estimate,2019," 203,412 "," 217,529 "," 1,158,066 "," 729,016 "," 360,810 "," 1,197,208 "," 984,535 "
Michigan!!Estimate,2019," 186,035 "," 410,252 "," 2,005,981 "," 1,572,770 "," 648,794 "," 1,252,685 "," 818,110 "
Minnesota!!Estimate,2019," 103,730 "," 141,960 "," 939,997 "," 785,721 "," 442,578 "," 942,830 "," 490,396 "
Mississippi!!Estimate,2019," 91,377 "," 199,540 "," 598,609 "," 440,939 "," 207,448 "," 270,712 "," 171,039 "
Missouri!!Estimate,2019," 122,379 "," 269,436 "," 1,308,859 "," 900,486 "," 333,721 "," 775,808 "," 495,473 "
Montana!!Estimate,2019," 12,087 "," 30,595 "," 211,079 "," 169,641 "," 69,400 "," 171,309 "," 77,839 "
Nebraska!!Estimate,2019," 43,627 "," 57,645 "," 326,389 "," 280,333 "," 141,189 "," 277,159 "," 145,428 "
Nevada!!Estimate,2019," 109,903 "," 171,012 "," 593,417 "," 525,746 "," 187,469 "," 355,837 "," 193,082 "
New Hampshire!!Estimate,2019," 19,331 "," 46,341 "," 275,105 "," 174,078 "," 96,658 "," 224,636 "," 143,601 "
New Jersey!!Estimate,2019," 287,999 "," 311,620 "," 1,666,321 "," 974,540 "," 398,984 "," 1,555,781 "," 995,984 "
New Mexico!!Estimate,2019," 82,436 "," 118,892 "," 376,390 "," 324,141 "," 129,531 "," 221,281 "," 173,317 "
New York!!Estimate,2019," 795,539 "," 898,691 "," 3,524,192 "," 2,075,506 "," 1,204,588 "," 2,898,440 "," 2,267,778 "
North Carolina!!Estimate,2019," 299,154 "," 519,770 "," 1,839,042 "," 1,480,044 "," 727,882 "," 1,471,420 "," 849,765 "
North Dakota!!Estimate,2019," 13,284 "," 19,735 "," 134,432 "," 112,811 "," 70,716 "," 108,527 "," 44,870 "
Ohio!!Estimate,2019," 221,017 "," 519,830 "," 2,627,758 "," 1,622,014 "," 702,601 "," 1,464,945 "," 891,640 "
Oklahoma!!Estimate,2019," 100,954 "," 202,312 "," 825,284 "," 596,289 "," 207,896 "," 447,888 "," 238,621 "
Oregon!!Estimate,2019," 98,217 "," 160,182 "," 687,243 "," 741,058 "," 269,102 "," 627,911 "," 404,405 "
Pennsylvania!!Estimate,2019," 273,775 "," 538,057 "," 3,103,046 "," 1,420,062 "," 775,694 "," 1,761,627 "," 1,155,775 "
Rhode Island!!Estimate,2019," 37,697 "," 42,510 "," 212,282 "," 129,984 "," 64,204 "," 156,087 "," 104,188 "
South Carolina!!Estimate,2019," 132,646 "," 283,032 "," 1,015,260 "," 725,158 "," 352,549 "," 656,496 "," 398,063 "
South Dakota!!Estimate,2019," 16,462 "," 29,832 "," 176,644 "," 120,476 "," 69,831 "," 121,231 "," 53,553 "
Tennessee!!Estimate,2019," 202,493 "," 360,324 "," 1,480,753 "," 953,282 "," 348,886 "," 845,100 "," 503,124 "
Texas!!Estimate,2019," 1,436,483 "," 1,445,905 "," 4,734,422 "," 3,976,607 "," 1,402,600 "," 3,750,797 "," 2,025,736 "
Utah!!Estimate,2019," 46,767 "," 86,293 "," 442,206 "," 486,888 "," 184,777 "," 448,109 "," 216,552 "
Vermont!!Estimate,2019," 9,568 "," 21,290 "," 129,254 "," 74,468 "," 38,706 "," 101,015 "," 71,257 "
Virginia!!Estimate,2019," 222,224 "," 362,488 "," 1,387,610 "," 1,107,258 "," 468,107 "," 1,312,800 "," 1,012,270 "
Washington!!Estimate,2019," 187,558 "," 252,516 "," 1,167,347 "," 1,199,747 "," 527,524 "," 1,204,728 "," 750,904 "
West Virginia!!Estimate,2019," 53,606 "," 111,199 "," 515,431 "," 229,877 "," 101,267 "," 161,686 "," 108,020 "
Wisconsin!!Estimate,2019," 98,802 "," 192,060 "," 1,223,392 "," 804,271 "," 438,381 "," 829,878 "," 428,501 "
Wyoming!!Estimate,2019," 6,546 "," 14,704 "," 117,501 "," 93,505 "," 44,034 "," 73,183 "," 40,374 "
